timestamp,prompt
2026-01-25 14:14:05,"Modern flat vector illustration of a cute fluffy black cat in kawaii/chibi style sleeping on a hammock in Gran Canaria with palmtrees.
Style: Minimalist geometric shapes, clean lines, solid matte colors, 2D aesthetic."
2026-01-25 14:59:07,"Modern flat vector illustration of a cute fluffy black cat with big eyes in kawaii/chibi style sleeping on a hammock in Gran Canaria with palmtrees.
Style: Minimalist geometric shapes, clean lines, solid matte colors, 2D aesthetic."
2026-01-25 15:00:40,"Modern flat vector illustration of a cute fluffy black cat with huge eyes in kawaii/chibi style sleeping on a hammock in Gran Canaria with palmtrees.
Style: Minimalist geometric shapes, clean lines, solid matte colors, 2D aesthetic."
2026-03-01 10:36:00,"Modern flat vector illustration of happy cute starter pokemons in kawaii/chibi style.
Style: Minimalist geometric shapes, clean lines, solid matte colors, 2D aesthetic."
2026-03-08 14:50:30,"Modern flat vector illustration of happy cute fluffy sparrows in kawaii/chibi style.
Style: Minimalist geometric shapes, clean lines, solid matte colors, 2D aesthetic."
2026-03-08 14:51:39,"Modern flat vector illustration of a happy cute fat fluffy sparrow with a pommes in his mouth surfboarding in Hawaii in kawaii/chibi style.
Style: Minimalist geometric shapes, clean lines, solid matte colors, 2D aesthetic."
